{
  "project_info": {
    "project_number": "680101909164",
    "firebase_url": "https://nit-attendance.firebaseio.com",
    "project_id": "nit-attendance",
    "storage_bucket": "nit-attendance.appspot.com"
  },
  "client": [
    {
      "client_info": {
        "mobilesdk_app_id": "1:680101909164:android:90d51dab1b86fc8b6a0509",
        "android_client_info": {
          "package_name": "com.gautam.haazeeri"
        }
      },
      "oauth_client": [
        {
          "client_id": "680101909164-cm11nu5f8c6lv8et22sevc5p310el2nt.apps.googleusercontent.com",
          "client_type": 1,
          "android_info": {
            "package_name": "com.gautam.haazeeri",
            "certificate_hash": "1ebcd6fd2a0b6f9a032b9c8de3979e27dd2edd56"
          }
        },
        {
          "client_id": "680101909164-32jh0ekh0r91uvrr639v8emnj03p02qb.apps.googleusercontent.com",
          "client_type": 3
        }
      ],
      "api_key": [
        {
          "current_key": "AIzaSyDwW6mMs0beV6nZUAdoBqA7BzOEQHUe33o"
        }
      ],
      "services": {
        "appinvite_service": {
          "other_platform_oauth_client": [
            {
              "client_id": "680101909164-32jh0ekh0r91uvrr639v8emnj03p02qb.apps.googleusercontent.com",
              "client_type": 3
            }
          ]
        }
      }
    }
  ],
  "configuration_version": "1"
}